level,canonical_key,your_aliases,closest_csv_name_en,closest_csv_name_np,closest_csv_code,closest_csv_district,score
gaunpalika,binayi_tribeni,Binayi Tribeni Gaunpalika | बिनयी त्रिवेणी  गाउँपालिका | Binayi Tribeni | बिनयी त्रिवेणी,Binayee Tribeni,विनयी त्रिवेणी गाउँपालिका,47601,Nawalparasi_E,89.7
gaunpalika,mugumakarmarog,Mugumakarmarog Gaunpalika | मुगुमकार्मारोग  गाउँपालिका | Mugumakarmarog | मुगुमकार्मारोग,Mugum Karmarong,मुगुम कार्मारोंग गाउँपालिका,66503,Mugu,89.7
gaunpalika,indrawoti,Indrawoti Gaunpalika | ईन्द्रावती  गाउँपालिका | Indrawoti | ईन्द्रावती,Indrawati,ईन्द्रावती गाउँपालिका,32306,Sindhupalchok,88.9
gaunpalika,khumbu_pasang_lhamu,Khumbu Pasang Lhamu Gaunpalika | खुम्बु पासाङल्हामु गाउँपालिका | Khumbu Pasang Lhamu | खुम्बु पासाङल्हामु,Khumbupasanglahmu,खुम्वु पासाङल्हमु गाउँपालिका,11103,Solukhumbu,88.9
gaunpalika,dewangunj,Dewangunj Gaunpalika | देवानगन्ज  गाउँपालिका | Dewangunj | देवानगन्ज,Dewanganj,देवानगञ्ज गाउँपालिका,10604,Sunsari,88.9
gaunpalika,arjunchaupari,Arjun Choupari Gaunpalika | अर्जुनचौपारी  गाउँपालिका | Arjunchaupari Gaunpalika | Arjun Choupari | अर्जुनचौपारी | Arjunchaupari,Arjunchaupari,अर्जुनचौपारी गाउँपालिका,43902,Syangja,88.9
municipality,tilottama,Tilottama Municipality | तिलोत्तमा नगरपालिका | Tilottama | तिलोत्तमा,Tillotama,तिलोत्तमा नगरपालिका,54916,Rupandehi,88.9
municipality,bahrabise,Bahrabise Municipality | बाह्रबिसे नगरपालिका | Bahrabise | बाह्रबिसे,Barhabise,बाह्रविसे नगरपालिका,32302,Sindhupalchok,88.9
gaunpalika,yamunamai,Yamunamai Gaunpalika | यमुनामाई  गाउँपालिका | Yamunamai | यमुनामाई,Yemunamai,यमुनामाई गाउँपालिका,23218,Rautahat,88.9
municipality,ilam,Ilam Municipality | ईलाम नगरपालिका | Illam Municipality | Ilam | ईलाम | Illam,Illam,ईलाम नगरपालिका,10304,Ilam,88.9
municipality,boudhimai,Boudhimai Municipality | बौधीमाई नगरपालिका | Boudhimai | बौधीमाई,Baudhimai,बौधीमाई नगरपालिका,23201,Rautahat,88.9
sub_metropolitan_city,nepalganj,Nepalganj Sub-Metropolitian City | नेपालगञ्ज उपमहानगरपालिका | Nepalganj | नेपालगञ्ज,Nepalgunj,नेपालगंज उपमहानगरपालिका,55707,Banke,88.9
gaunpalika,shivalaya,Shivalaya Gaunpalika | शिवालय  गाउँपालिका | Shivalaya | शिवालय,Shiwalaya,शिवालय गाउँपालिका,66106,Jajarkot,88.9
municipality,puchaundi,Puchaundi Municipality | पुचौंडी नगरपालिका | Purchaundi Municipality | Puchaundi | पुचौंडी | Purchaundi,Purchaudi,पुर्चौडी नगरपालिका,77407,Baitadi,88.9
municipality,shitaganga,Shitaganga Municipality | शितगंगा नगरपालिका | Shitaganga | शितगंगा,Sitganga,शितगंगा नगरपालिका,55106,Arghakhanchi,88.9
gaunpalika,yangbarak,Yangbarak Gaunpalika | याङवरक  गाउँपालिका | Yangwarak Gaunpalika | Yangbarak | याङवरक | Yangwarak,Yangwarak,याङवरक गाउँपालिका,10109,Taplejung,88.9
municipality,manarashisawa,Manara Shisawa Municipality | मनरा शिसवा नगरपालिका | Manarashisawa Municipality | Manara Shisawa | मनरा शिसवा | Manarashisawa,Manra Siswa,मनरा शिसवा नगरपालिका,21810,Mahottari,88.0
gaunpalika,janak_nandini,Janak Nandini Gaunpalika | जनक नन्दिनी  गाउँपालिका | Janak Nandini | जनक नन्दिनी,Janaknandani,जनकनन्दिनी गाउँपालिका,21709,Dhanusha,88.0
metropolitan_city,pokhara,Pokhara Metropolitian City | पोखरा महानगरपालिका | Pokhara | पोखरा,Pokhariya,पोखरिया नगरपालिका,23412,Parsa,87.5
gaunpalika,mahadewa,Mahadewa Gaunpalika | महादेवा  गाउँपालिका | Mahadewa | महादेवा,Mahadeva,महादेवा गाउँपालिका,21511,Saptari,87.5
municipality,melanchi,Melanchi Municipality | मेलम्ची नगरपालिका | Melanchi | मेलम्ची,Melamchi,मेलम्ची नगरपालिका,32309,Sindhupalchok,87.5
municipality,jayaprithbi,Jayaprithbi Municipality | जयपृथ्वी नगरपालिका | Jayaprithbi | जयपृथ्वी,JayaPrithivi,जयपृथ्वी नगरपालिका,76805,Bajhang,87.0
gaunpalika,gulmi_durbar,Gulmi Durbar Gaunpalika | गुल्मी दरबार  गाउँपालिका | Gulmi Durbar | गुल्मी दरबार,Gulmidarbar,गुल्मी दरबार गाउँपालिका,54604,Gulmi,87.0
gaunpalika,dhawalagiri,Dhawalagiri Gaunpalika | धवलागिरी  गाउँपालिका | Dhawalagiri | धवलागिरी,Dhaulagiri,धवलागिरी गाउँपालिका,44303,Myagdi,85.7
gaunpalika,ekadara,Ekadara Gaunpalika | एकडारा  गाउँपालिका | Ekadara | एकडारा,Ekdanra,एकडारा गाउँपालिका,21805,Mahottari,85.7
gaunpalika,subarna,Subarna Gaunpalika | सुवर्ण  गाउँपालिका | Suwarna Gaunpalika | Subarna | सुवर्ण | Suwarna,Suwarna,सुवर्ण गाउँपालिका,23316,Bara,85.7
gaunpalika,menchhayayem,Menchhayayem Gaunpalika | मेन्छयायेम  गाउँपालिका | Menchhayayem | मेन्छयायेम,Menchayam,मेन्छयायेम गाउँपालिका,10804,Terhathum,85.7
municipality,belouri,Belouri Municipality | बेलौरी नगरपालिका | Belouri | बेलौरी,Belauri,बेलौरी नगरपालिका,77202,Kanchanpur,85.7
municipality,diktel_rupakot_majhuwagadhi,Diktel Rupakot Majhuwagadhi Municipality | दिक्तेल रुपाकोट मझुवागढी नगरपालिका | Diktel Rupakot Majhuwagadhi | दिक्तेल रुपाकोट मझुवागढी,Rupakot Majhuwagadhi,रुपाकोट मझुवागढी नगरपालिका,11309,Khotang,85.1
gaunpalika,aanbookhaireni,Aanbookhaireni Gaunpalika | आँबुखैरेनी गाउँपालिका | Aanbu Khaireni Gaunpalika | Aanbookhaireni | आँबुखैरेनी | Aanbu Khaireni,Anbukhaireni,आँबुखैरेनी गाउँपालिका,43801,Tanahu,84.6
gaunpalika,baudikali,Baudikali Gaunpalika | बौदीकाली गाउँपालिका | Baudikali | बौदीकाली,Bungdikali,बुङ्दीकाली गाउँपालिका,47603,Nawalparasi_E,84.2
municipality,nalgad,Nalgad Municipality | नलगाड नगरपालिका | Nalgad | नलगाड,Naugad,नौगाड गाउँपालिका,77508,Darchula,83.3
gaunpalika,nason,Nason Gaunpalika | नासोँ गाउँपालिका | Nason | नासोँ,Nashong,नाशोङ गाउँपालिका,44103,Manang,83.3
gaunpalika,phakphokathum,Phakphokathum Gaunpalika | फाकफोकथुम गाउँपालिका | Phakphokathum | फाकफोकथुम,Fakphokthum,फाकफोकथुम गाउँपालिका,10303,Ilam,83.3
municipality,shivasatakshi,Shivasatakshi Municipality | शिवसताक्षी नगरपालिका | Shivasatakshi | शिवसताक्षी,Shivasataxi,शिवशताक्षी नगरपालिका,10415,Jhapa,83.3
municipality,bagachour,Bagachour Municipality | बागचौर नगरपालिका | Bagachour | बागचौर,Bagchaur,बागचौर नगरपालिका,65501,Salyan,82.4
gaunpalika,kedarsyun,Kedarsyun Gaunpalika | केदारस्युँ  गाउँपालिका | Kedarsyun | केदारस्युँ,Kedarseu,केदारस्युँ गाउँपालिका,76807,Bajhang,82.4
gaunpalika,banphikot,Banphikot Gaunpalika | बाँफिकोट  गाउँपालिका | Banphikot | बाँफिकोट,Banfikot,बाँफिकोट गाउँपालिका,65402,Rukum_W,82.4
gaunpalika,phalelung,Phalelung Gaunpalika | फालेलुङ्ग  गाउँपालिका | Phalelung | फालेलुङ्ग,Falelung,फालेलुंग गाउँपालिका,10201,Panchthar,82.4
municipality,tilagupha,Tilagupha Municipality | तिलागुफा नगरपालिका | Tilagupha | तिलागुफा,Tilagufa,तिलागुफा नगरपालिका,66409,Kalikot,82.4
gaunpalika,fakfokathum,Fakfokathum Gaunpalika | फाकफोकथुम  गाउँपालिका | Fakfokathum | फाकफोकथुम,Fakphokthum,फाकफोकथुम गाउँपालिका,10303,Ilam,81.8
municipality,swargadwari,Swargadwari Municipality | स्वर्गद्धारी नगरपालिका | Sworgadwari Municipality | Swargadwari | स्वर्गद्धारी | Sworgadwari,Sworgadwary,स्वर्गद्वारी नगरपालिका,55209,Pyuthan,81.8
gaunpalika,laxminiya,Laxminiya Gaunpalika | लक्ष्मीनिया  गाउँपालिका | Laxminiya | लक्ष्मीनिया,Lakshminiya,लक्ष्मीनिया गाउँपालिका,21712,Dhanusha,80.0
sub_metropolitan_city,janakpurdham,Janakpurdham Sub-Metropolitian City | जनकपुर उपमहानगरपालिका | Janakpurdham | जनकपुर,Janakpur,जनकपुर उपमहानगरपालिका,21710,Dhanusha,80.0
gaunpalika,duhun,Duhun Gaunpalika | दुहुँ  गाउँपालिका | Duhun | दुहुँ,Dunhu,दुहुँ गाउँपालिका,77503,Darchula,80.0
gaunpalika,aadarsh,Aadarsh Gaunpalika | आदर्श  गाउँपालिका | Aadarsha Gaunpalika | Aadarsh | आदर्श | Aadarsha,Adharsha,आदर्श गाउँपालिका,77001,Doti,80.0
municipality,bheerkot,Bheerkot Municipality | भीरकोट नगरपालिका | Bheerkot | भीरकोट,Bhirkot,भीरकोट नगरपालिका,43903,Syangja,80.0
gaunpalika,varagung_muktichhetra,Varagung Muktichhetra Gaunpalika | वारागुङ मुक्तिक्षेत्र गाउँपालिका | Varagung Muktichhetra | वारागुङ मुक्तिक्षेत्र,Barhagaun Muktikhsetra,वाह्रगाउँ मुक्तिक्षेत्र गाउँपालिका,44201,Mustang,79.1
gaunpalika,chhabispathibhera,Chhabis Pathibhara Gaunpalika | छबिस पाथिभरा  गाउँपालिका | Chhabispathibhera Gaunpalika | Chhabis Pathibhara | छबिस पाथिभरा | Chhabispathibhera,Chabispathivera,छबिसपाथिभेरा गाउँपालिका,76803,Bajhang,78.8
gaunpalika,airawati,Aairawati Gaunpalika | ऐरावती  गाउँपालिका | Airawati Gaunpalika | Aairawati | ऐरावती | Airawati,Indrawati,ईन्द्रावती गाउँपालिका,32306,Sindhupalchok,77.8
gaunpalika,swami_kartik_khapar,Swami Kartik Khapar Gaunpalika | स्वामीकार्तिक खापर गाउँपालिका | Swami Kartik Khapar | स्वामीकार्तिक खापर,Swami Kartik,स्वामीकार्तिक गाउँपालिका,76708,Bajura,77.4
gaunpalika,balephi,Balephi Gaunpalika | बलेफी  गाउँपालिका | Balephi | बलेफी,Balefi,बलेफी गाउँपालिका,32301,Sindhupalchok,76.9
gaunpalika,jagannath,Jagannath Gaunpalika | जगन्‍नाथ गाउँपालिका | Jagannath | जगन्‍नाथ,Jagarnathpur,जगरनाथपुर गाउँपालिका,23406,Parsa,76.2
municipality,nilkhantha,Neelkhantha Municipality | नीलकण्ठ नगरपालिका | Nilkhantha Municipality | Neelkhantha | नीलकण्ठ | Nilkhantha,Nilakantha,निलकण्ठ नगरपालिका,33009,Dhading,76.2
municipality,vyas,Vyas Municipality | ब्यास नगरपालिका | Vyas | ब्यास,Byas,व्यास नगरपालिका,43805,Tanahu,75.0
gaunpalika,khaptad_chhededaha,Khaptad Chhededaha Gaunpalika | खप्तड छेडेदह गाउँपालिका | Khaptad Chhededaha | खप्तड छेडेदह,Khaptadchhanna,खप्तडछान्ना गाउँपालिका,76808,Bajhang,75.0
gaunpalika,vyas,Vyas Gaunpalika | ब्याँस गाउँपालिका | Vyas | ब्याँस,Byas,व्यास नगरपालिका,43805,Tanahu,75.0
gaunpalika,temkemaiyum,Temkemaiyum Gaunpalika | ट्याम्के मैयुम  गाउँपालिका | Temkemaiyung Gaunpalika | टेम्केमैयुङ गाउँपालिका | Temkemaiyum | ट्याम्के मैयुम | Temkemaiyung | टेम्केमैयुङ,Tyamkemaiyung,ट्याम्केमैयुम गाउँपालिका,11009,Bhojpur,75.0
gaunpalika,myagang,Myagang Gaunpalika | मेघाङ्ग  गाउँपालिका | Myagang | मेघाङ्ग,Myanglung,म्याङलुङ नगरपालिका,10805,Terhathum,75.0
gaunpalika,rajgadh,Rajgadh Gaunpalika | राजगढ गाउँपालिका | Rajgadh | राजगढ,Baragadhi,बारागढीगाउँपालिका,23302,Bara,75.0
gaunpalika,likhu_tamakoshi,Likhu Tamakoshi Gaunpalika | लिखु  गाउँपालिका | Likhu Tamakoshi | लिखु,Tamakoshi,तामाकोशी गाउँपालिका,32209,Dolakha,75.0
gaunpalika,mapya_dudhkoshi,Mapya Dudhkoshi Gaunpalika | माप्य दुधकोशी गाउँपालिका | Mapya Dudhkoshi | माप्य दुधकोशी,Dudhkoshi,दुधकोसी गाउँपालिका,11102,Solukhumbu,75.0
gaunpalika,bhimsenthapa,Bhimsenthapa Gaunpalika | भिमसेनथापा गाउँपालिका | Bhimsenthapa | भिमसेनथापा,Bhimsen,भिमसेन गाउँपालिका,43603,Gorkha,73.7
gaunpalika,swamikartik_khapar,Swamikartik Khapar Gaunpalika | स्वामी कार्तिक  गाउँपालिका | Swamikartik Khapar | स्वामी कार्तिक,Swami Kartik,स्वामीकार्तिक गाउँपालिका,76708,Bajura,73.3
gaunpalika,saipal,Saipal Gaunpalika | साइपाल गाउँपालिका | Saipal | साइपाल,Sayal,सायल गाउँपालिका,77008,Doti,72.7
municipality,bheri_malika,Bheri Malika Municipality | भेरीमालिका नगरपालिका | Bheri Malika | भेरीमालिका,Badimalika,बडीमालिका नगरपालिका,76701,Bajura,72.7
gaunpalika,bhoome,Bhoome Gaunpalika | भूमे  गाउँपालिका | Bhoome | भूमे,Bhume,भूमे गाउँपालिका,57701,Rukum_E,72.7
gaunpalika,kumakh,Kumakh Gaunpalika | कुमाख गाउँपालिका | Kumakh | कुमाख,Kummayak,कुम्मायक गाउँपालिका,10204,Panchthar,71.4
municipality,dodhara_chandani,Dodhara Chandani Municipality | दोधारा चाँदनी नगरपालिका | Dodhara Chandani | दोधारा चाँदनी,Dasharathchanda,दशरथचन्द नगरपालिका,77401,Baitadi,71.0
gaunpalika,shuvakalika,Shuvakalika Gaunpalika | शुभ कालिका गाउँपालिका | Shuvakalika | शुभ कालिका,Kalika,कालिका गाउँपालिका,32902,Rasuwa,70.6
gaunpalika,narpa_bhumi,Narpa Bhumi Gaunpalika | नार्पा भूमि गाउँपालिका | Narpa Bhumi | नार्पा भूमि,Narphu,नारफू गाउँपालिका,44102,Manang,70.6
gaunpalika,netrawati_dabjong,Netrawati Dabjong Gaunpalika | नेत्रावती  गाउँपालिका | Netrawati Dabjong | नेत्रावती,Netrawati,नेत्रावति गाउँपालिका,33008,Dhading,69.2
gaunpalika,thulung_dudhkoshi,Thulung Dudhkoshi Gaunpalika | थुलुङ दुधकोशी गाउँपालिका | Thulung Dudhkoshi | थुलुङ दुधकोशी,Dudhkoshi,दुधकोसी गाउँपालिका,11102,Solukhumbu,69.2
gaunpalika,shuva_kalika,Shuva Kalika Gaunpalika | कालिका  गाउँपालिका | Shuva Kalika | कालिका,Kalika,कालिका गाउँपालिका,32902,Rasuwa,66.7
municipality,barahachhetra,Barahachhetra Municipality | बराह नगरपालिका | Barahachhetra | बराह,Barahathawa,बरहथवा नगरपालिका,21903,Sarlahi,66.7
gaunpalika,siddhakumakh,Siddhakumakh Gaunpalika | सिद्ध कुमाख गाउँपालिका | Siddhakumakh | सिद्ध कुमाख,Siddhalek,सिद्धलेक गाउँपालिका,33011,Dhading,66.7
gaunpalika,barpak_sulikot,Barpak Sulikot Gaunpalika | बारपाक सुलिकोट गाउँपालिका | Barpak Sulikot | बारपाक सुलिकोट,Sulikot,सुलीकोट गाउँपालिका,43611,Gorkha,66.7
gaunpalika,paribartan,Paribartan Gaunpalika | परिवर्तन गाउँपालिका | Pariwartan Gaunpalika | दुईखोली  गाउँपालिका | Paribartan | परिवर्तन | Pariwartan | दुईखोली,Patan,पाटन नगरपालिका,77406,Baitadi,66.7
gaunpalika,manang_ngisyang,Manang Ngisyang Gaunpalika | मनाङ ङिस्याङ गाउँपालिका | Manang Ngisyang | मनाङ ङिस्याङ,Manebhanjyang,मानेभञ्याङ गाउँपालिका,11205,Okhaldhunga,64.3
gaunpalika,pathivara_yangwarak,Pathivara Yangwarak Gaunpalika | याङ्वरक  गाउँपालिका | Pathivara Yangwarak | याङ्वरक,Yangwarak,याङवरक गाउँपालिका,10109,Taplejung,64.3
gaunpalika,bhokraha_narsingh,Bhokraha Narsingh Gaunpalika | भोक्राहा  गाउँपालिका | Bhokraha Narsingh | भोक्राहा,Bhokraha,भोक्राहा गाउँपालिका,10603,Sunsari,64.0
gaunpalika,shahidbhumi,Shahidbhumi Gaunpalika | सहिदभूमि गाउँपालिका | Shahidbhumi | सहिदभूमि,Buddhabhumi,बुद्धभूमी नगरपालिका,55003,Kapilbastu,63.6
gaunpalika,siddha_kumakh,Siddha Kumakh Gaunpalika | सिद्ध कुमाख गाउँपालिका | Siddha Kumakh | सिद्ध कुमाख,Siddhalek,सिद्धलेक गाउँपालिका,33011,Dhading,63.6
gaunpalika,gangadev,Gangadev Gaunpalika | गंगादेव गाउँपालिका | Gangadev | गंगादेव,Mahadeva,महादेवा गाउँपालिका,21511,Saptari,62.5
gaunpalika,bogatan_phudsil,Bogatan Phudsil Gaunpalika | बोगटान  गाउँपालिका | Bogatan Phudsil | बोगटान,Balan Bihul,बलान-बिहुल गाउँपालिका,21502,Saptari,61.5
gaunpalika,doramba_shailung,Doramba Shailung Gaunpalika | दोरम्बा शैलुङ गाउँपालिका | Doramba Shailung | दोरम्बा शैलुङ,Mahakulung,माहाकुलुङ गाउँपालिका,11105,Solukhumbu,61.5
gaunpalika,limchunbung,Limchunbung Gaunpalika | लिम्चुङबुङ गाउँपालिका | Limchungbung Gaunpalika | लिम्चुङबुङ्ग गाउँपालिका | Limchunbung | लिम्चुङबुङ | Limchungbung | लिम्चुङबुङ्ग,Silichong,सिलीचोङ गाउँपालिका,10910,Sankhuwasabha,60.0
gaunpalika,sunil_smriti,Sunil Smriti Gaunpalika | सुनिल स्मृति गाउँपालिका | Sunil Smriti | सुनिल स्मृति,Lumbini Sanskritik,लुम्बिनी सांस्कृतिक नगरपालिका,54906,Rupandehi,60.0
gaunpalika,rawa_besi,Rawa Besi Gaunpalika | रावा बेसी गाउँपालिका | Rawa Besi | रावा बेसी,Kawasoti,कावासोती नगरपालिका,47607,Nawalparasi_E,58.8
gaunpalika,ruruchhetra,Ruruchhetra Gaunpalika | रुरुक्षेत्र गाउँपालिका | Ruruchhetra | रुरुक्षेत्र,Chhatradev,छत्रदेव गाउँपालिका,55102,Arghakhanchi,57.1
gaunpalika,diprung_chuichumma,Diprung Chuichumma Gaunpalika | दिप्रुङ्ग  गाउँपालिका | Diprung Chuichumma | दिप्रुङ्ग,Diprung,दिप्रुङ गाउँपालिका,11303,Khotang,56.0
gaunpalika,aamachhodingmo,Aamachhodingmo Gaunpalika | आमाछोदिङमो गाउँपालिका | Aamachhodingmo | आमाछोदिङमो,Aamchowk,आमचोक गाउँपालिका,11001,Bhojpur,54.5
municipality,lumbini_cultural,Lumbini Cultural Municipality | लुम्बिनी साँस्कृतिक नगरपालिका | Lumbini Cultural | लुम्बिनी साँस्कृतिक,Lumbini Sanskritik,लुम्बिनी सांस्कृतिक नगरपालिका,54906,Rupandehi,52.9
gaunpalika,lo_ghekar_damodarkunda,Lo Ghekar Damodarkunda Gaunpalika | लो-घेकर दामोदरकुण्ड गाउँपालिका | Lo Ghekar Damodarkunda | लो-घेकर दामोदरकुण्ड,Lamidanda,लामीडाँडा गाउँपालिका,11308,Khotang,51.6
